{"feature_map": {"join_whitelist_days_bk": {"process_func": "numeric_bucket", "input": "join_whitelist_days", "params": "[0, 35, 62, 76, 90, 104, 118, 132, 142, 153, 165, 174, 188, 205, 223, 251, 293, 335, 377, 418]", "length": 20, "emb_size": "4", "dtype": "int", "default_value": -1, "share_tag": "no"}, "last_7_day_ip_num_bk": {"process_func": "numeric_bucket", "input": "last_7_day_ip_num", "params": "[0, 1, 2, 3, 4, 5, 8]", "length": 7, "emb_size": "4", "dtype": "int", "default_value": -1, "share_tag": "no"}, "model_score2_bk": {"process_func": "numeric_bucket", "input": "model_score2", "params": "[0, 322.0, 340.0, 352.0, 360.0, 368.0, 375.0, 380.0, 386.0, 392.0, 399.0, 406.0, 413.0, 422.0, 433.0, 445.0, 460.0, 479.0, 507.0, 547.0]", "length": 20, "emb_size": "4", "dtype": "float", "default_value": -1.0, "share_tag": "no"}, "possibility_bk": {"process_func": "numeric_bucket", "input": "possibility30", "params": "[0, 0.015625, 0.05555555555555555, 0.08333333333333333, 0.1111111111111111, 0.14285714285714285, 0.19047619047619047, 0.25, 0.3333333333333333]", "length": 9, "emb_size": "4", "dtype": "float", "default_value": -1.0, "share_tag": "no"}, "last_7_day_category_allloan_new_app_num_bk": {"process_func": "numeric_bucket", "input": "last_7_day_category_allloan_new_app_num", "params": "[0, 1]", "length": 2, "emb_size": "4", "dtype": "int", "default_value": -1, "share_tag": "no"}, "total_push_num_bk": {"process_func": "numeric_bucket", "input": "total_push_num", "params": "[0, 1, 2, 3, 4, 5, 6, 7, 8, 9, 10, 11, 12, 13, 15, 16, 18, 21, 24]", "length": 19, "emb_size": "4", "dtype": "int", "default_value": -1, "share_tag": "no"}, "emergency_dpd7_amount_sum_bk": {"process_func": "numeric_bucket", "input": "emergency_dpd7_amount_sum", "params": "[0, 900.0]", "length": 2, "emb_size": "4", "dtype": "float", "default_value": -1.0, "share_tag": "no"}, "education_rate_bk": {"process_func": "numeric_bucket", "input": "education_rate", "params": "[0, 2.6666666666666665, 3.0, 3.179856115107914, 3.3, 3.4, 3.5, 3.5714285714285716, 3.6666666666666665, 3.7333333333333334, 3.8095238095238093, 3.9, 4.0, 4.142857142857143, 4.25, 4.348837209302325, 4.5, 4.733333333333333]", "length": 18, "emb_size": "4", "dtype": "float", "default_value": -1.0, "share_tag": "no"}, "send_push_days_bk": {"process_func": "numeric_bucket", "input": "send_push_days", "params": "[0, 1, 2, 3, 4, 5, 6, 7, 8, 9, 10, 11, 13, 14, 16, 18, 20, 24]", "length": 18, "emb_size": "4", "dtype": "int", "default_value": -1, "share_tag": "no"}, "female_ratio_bk": {"process_func": "numeric_bucket", "input": "female_ratio", "params": "[0, 0.0011534025374855825, 0.001825150574922431, 0.002470152326060107, 0.006234413965087282, 0.12419700214132762, 0.9796610169491525, 1.0]", "length": 8, "emb_size": "4", "dtype": "float", "default_value": -1.0, "share_tag": "no"}, "soda_num_bk": {"process_func": "numeric_bucket", "input": "soda_num", "params": "[0, 1, 2, 3]", "length": 4, "emb_size": "4", "dtype": "int", "default_value": -1, "share_tag": "no"}, "send_sms_days_bk": {"process_func": "numeric_bucket", "input": "send_sms_days", "params": "[0, 2, 3, 4, 5, 6, 7, 8, 9, 11, 12, 15]", "length": 12, "emb_size": "4", "dtype": "int", "default_value": -1, "share_tag": "sms"}, "emergency_dpd30_amount_sum_bk": {"process_func": "numeric_bucket", "input": "emergency_dpd30_amount_sum", "params": "[0, 300.0]", "length": 2, "emb_size": "4", "dtype": "float", "default_value": -1.0, "share_tag": "no"}, "total_sms_num_bk": {"process_func": "numeric_bucket", "input": "total_sms_num", "params": "[0, 2, 3, 4, 5, 6, 7, 8, 9, 11, 12, 15]", "length": 12, "emb_size": "4", "dtype": "int", "default_value": -1, "share_tag": "sms"}, "category_allloan_app_num_bk": {"process_func": "numeric_bucket", "input": "category_allloan_app_num", "params": "[0, 1, 2, 3, 4]", "length": 5, "emb_size": "4", "dtype": "int", "default_value": -1, "share_tag": "no"}, "emergency_zero_repay_dura_sum_bk": {"process_func": "numeric_bucket", "input": "emergency_zero_repay_dura_sum", "params": "[0, 1.0, 2.0]", "length": 3, "emb_size": "4", "dtype": "float", "default_value": -1.0, "share_tag": "no"}, "last_60_day_avg_discount_rate_bk": {"process_func": "numeric_bucket", "input": "last_60_day_avg_discount_rate", "params": "[0, 1]", "length": 2, "emb_size": "4", "dtype": "int", "default_value": -1, "share_tag": "no"}, "last_1_month_category_allloan_new_app_num_bk": {"process_func": "numeric_bucket", "input": "last_1_month_category_allloan_new_app_num", "params": "[0, 1]", "length": 2, "emb_size": "4", "dtype": "int", "default_value": -1, "share_tag": "no"}, "cashloan_min_update_days_bk": {"process_func": "numeric_bucket", "input": "cashloan_min_update_days", "params": "[0, 98, 118, 127, 132, 135, 139, 141, 145, 150, 162, 180, 210, 246, 298, 362, 396, 467, 583, 717]", "length": 20, "emb_size": "4", "dtype": "int", "default_value": -1, "share_tag": "no"}, "last_call_days_bk": {"process_func": "numeric_bucket", "input": "last_call_days", "params": "[0, 1, 2, 4, 5, 7, 9, 12, 16, 22, 29, 40, 56, 79, 117, 172, 253, 386, 631]", "length": 19, "emb_size": "4", "dtype": "int", "default_value": -1, "share_tag": "no"}, "pax_bind_valid_card_last_time_total_diff_days_bk": {"process_func": "numeric_bucket", "input": "pax_bind_valid_card_last_time_total_diff_days", "params": "[0, 12, 27, 44, 64, 85, 108, 132, 157, 183, 213, 246, 282, 322, 369, 422, 487, 571, 692, 911]", "length": 20, "emb_size": "4", "dtype": "int", "default_value": -1, "share_tag": "no"}, "pax_bind_valid_card_cnt_total_bk": {"process_func": "numeric_bucket", "input": "pax_bind_valid_card_cnt_total", "params": "[0, 1, 2, 3, 4]", "length": 5, "emb_size": "4", "dtype": "int", "default_value": -1, "share_tag": "no"}, "pax_bind_card_cnt_total_bk": {"process_func": "numeric_bucket", "input": "pax_bind_card_cnt_total", "params": "[0, 1, 2, 3, 4]", "length": 5, "emb_size": "4", "dtype": "int", "default_value": -1, "share_tag": "no"}, "avg_whitelist_score_bk": {"process_func": "numeric_bucket", "input": "avg_whitelist_score", "params": "[0, 347.3333333333333, 362.77777777777777, 372.1, 379.26666666666665, 385.2173913043478, 390.5, 395.27272727272725, 399.8, 404.125, 408.45454545454544, 412.7692307692308, 417.15384615384613, 421.76, 426.7142857142857, 432.2, 438.5, 446.1333333333333, 456.53846153846155, 474.0]", "length": 20, "emb_size": "4", "dtype": "float", "default_value": -1.0, "share_tag": "no"}, "register_a_bk": {"process_func": "numeric_bucket", "input": "register_a", "params": "[0, 0.0625, 0.09411764705882353, 0.1154825400080366, 0.13307258100360017, 0.14814814814814814, 0.16225803537177988, 0.17391304347826086, 0.18599828375286043, 0.19756283222377044, 0.20801854771602504, 0.21925944030306732, 0.23072511936680945, 0.24298333925954418, 0.2544613057989153, 0.2696276168511604, 0.2875457875457875, 0.3125, 0.35204440425959416]", "length": 19, "emb_size": "4", "dtype": "float", "default_value": -1.0, "share_tag": "no"}, "reg_day_num_bk": {"process_func": "numeric_bucket", "input": "reg_day_num", "params": "[0, 162, 208, 262, 317, 371, 426, 489, 559, 633, 703, 774, 853, 991, 1094, 1170, 1252, 1345, 1442, 1513]", "length": 20, "emb_size": "4", "dtype": "int", "default_value": -1, "share_tag": "no"}, "last_90_sms_num_bk": {"process_func": "numeric_bucket", "input": "last_90_sms_num", "params": "[0, 1, 2, 3, 4, 5, 6, 7]", "length": 8, "emb_size": "4", "dtype": "int", "default_value": -1, "share_tag": "sms"}, "emergency_no_connect_user_cnt_bk": {"process_func": "numeric_bucket", "input": "emergency_no_connect_user_cnt", "params": "[0, 1.0]", "length": 2, "emb_size": "4", "dtype": "float", "default_value": -1.0, "share_tag": "no"}, "last_1_month_actual_cost_ratio_bk": {"process_func": "numeric_bucket", "input": "last_1_month_actual_cost_ratio", "params": "[0, 1]", "length": 2, "emb_size": "4", "dtype": "int", "default_value": -1, "share_tag": "no"}, "last_30_sms_num_bk": {"process_func": "numeric_bucket", "input": "last_30_sms_num", "params": "[0, 1, 2, 3]", "length": 4, "emb_size": "4", "dtype": "int", "default_value": -1, "share_tag": "sms"}, "last_14_days_wifi_num_bk": {"process_func": "numeric_bucket", "input": "last_14_days_wifi_num", "params": "[0, 1, 2, 3]", "length": 4, "emb_size": "4", "dtype": "int", "default_value": -1, "share_tag": "no"}, "credit_user_cnt_bk": {"process_func": "numeric_bucket", "input": "credit_user_cnt", "params": "[0, 1.0, 2.0, 3.0, 4.0, 5.0, 6.0, 7.0, 8.0, 9.0, 11.0, 12.0, 14.0, 16.0, 18.0, 21.0, 26.0, 36.0]", "length": 18, "emb_size": "4", "dtype": "float", "default_value": -1.0, "share_tag": "no"}, "last_14_day_ip_num_bk": {"process_func": "numeric_bucket", "input": "last_14_day_ip_num", "params": "[0, 1, 2, 3, 4, 5, 6, 8, 9, 13]", "length": 10, "emb_size": "4", "dtype": "int", "default_value": -1, "share_tag": "no"}, "last_7_day_avg_actual_cost_bk": {"process_func": "numeric_bucket", "input": "last_7_day_avg_actual_cost", "params": "[0, 0.5604651163, 2.0239344262, 4.14, 8.3125, 19.88]", "length": 6, "emb_size": "4", "dtype": "float", "default_value": -1.0, "share_tag": "no"}, "last_14_day_avg_actual_cost_bk": {"process_func": "numeric_bucket", "input": "last_14_day_avg_actual_cost", "params": "[0, 1.8291666667, 3.4663636364, 5.5864835165, 8.7, 13.734, 23.1866666667, 45.6266666667]", "length": 8, "emb_size": "4", "dtype": "float", "default_value": -1.0, "share_tag": "no"}, "last_3_month_category_allloan_new_app_num_bk": {"process_func": "numeric_bucket", "input": "last_3_month_category_allloan_new_app_num", "params": "[0, 1]", "length": 2, "emb_size": "4", "dtype": "int", "default_value": -1, "share_tag": "no"}, "pax_error_msg_error_sum_cnt_total_bk": {"process_func": "numeric_bucket", "input": "pax_error_msg_error_sum_cnt_total", "params": "[0, 1, 2]", "length": 3, "emb_size": "4", "dtype": "int", "default_value": -1, "share_tag": "no"}, "pax_error_msg_nullstr_cnt_total_bk": {"process_func": "numeric_bucket", "input": "pax_error_msg_nullstr_cnt_total", "params": "[0, 1, 2, 3, 4]", "length": 5, "emb_size": "4", "dtype": "int", "default_value": -1, "share_tag": "no"}, "visit_num_bk": {"process_func": "numeric_bucket", "input": "visit_num", "params": "[0, 27.0, 45.5, 57.0, 65.81818181818181, 73.0, 79.57142857142857, 85.75, 91.8, 98.0, 104.35714285714286, 111.16666666666667, 118.5, 126.625, 135.66666666666666, 146.0, 158.57142857142858, 174.66666666666666, 198.0, 241.5]", "length": 20, "emb_size": "4", "dtype": "float", "default_value": -1.0, "share_tag": "no"}, "last_60_sms_num_bk": {"process_func": "numeric_bucket", "input": "last_60_sms_num", "params": "[0, 1, 2, 3, 4, 5]", "length": 6, "emb_size": "4", "dtype": "int", "default_value": -1, "share_tag": "sms"}, "avg_risk_score_bk": {"process_func": "numeric_bucket", "input": "avg_risk_score", "params": "[0, 486.8, 511.57142857142856, 525.5, 535.7647058823529, 544.2, 551.4285714285714, 557.9032258064516, 563.9285714285714, 569.6, 575.2, 580.7586206896551, 586.5, 592.4, 598.7142857142857, 605.7142857142857, 613.7857142857143, 623.6666666666666, 637.125, 660.4]", "length": 20, "emb_size": "4", "dtype": "float", "default_value": -1.0, "share_tag": "no"}, "marriage_rate_bk": {"process_func": "numeric_bucket", "input": "marriage_rate", "params": "[0, 1.0, 1.1666666666666667, 1.25, 1.3333333333333333, 1.4, 1.4444444444444444, 1.5, 1.5454545454545454, 1.6, 1.6666666666666667, 1.7, 1.7777777777777777, 2.0]", "length": 14, "emb_size": "4", "dtype": "float", "default_value": -1.0, "share_tag": "no"}, "reverse_3th_month_actual_cost_bk": {"process_func": "numeric_bucket", "input": "reverse_3th_month_actual_cost", "params": "[0, 25.27, 60.82, 97.17, 144.25, 208.13, 302.61, 458.2, 784.95]", "length": 9, "emb_size": "4", "dtype": "float", "default_value": -1.0, "share_tag": "no"}, "cashloan_max_install_days_bk": {"process_func": "numeric_bucket", "input": "cashloan_max_install_days", "params": "[0, 134, 152, 168, 184, 198, 214, 234, 252, 287, 321, 352, 381, 407, 436, 486, 568, 679, 743, 823]", "length": 20, "emb_size": "4", "dtype": "int", "default_value": -1, "share_tag": "no"}, "pax_unbind_card_his_cnt_30d_bk": {"process_func": "numeric_bucket", "input": "pax_unbind_card_his_cnt_30d", "params": "[0, 1]", "length": 2, "emb_size": "4", "dtype": "int", "default_value": -1, "share_tag": "no"}, "centre_uid_list": {"process_func": "categorical_file", "input": "centre_uid_list", "params": "centre_uid_list_file", "length": 30000, "emb_size": "4", "dtype": "string", "default_value": "-1", "share_tag": "no", "emb_type": "file", "map_file": "centre_uid_list_file", "default_val": 30000}, "bank_category": {"process_func": "categorical_file", "input": "bank_category", "params": "bank_category_file", "length": 11, "emb_size": "4", "dtype": "string", "default_value": "-1", "share_tag": "no", "emb_type": "file", "map_file": "bank_category_file", "default_val": 11}, "trip_last15_union_geo7": {"process_func": "categorical_file", "input": "trip_last15_union_geo7", "params": "trip_last30_union_geo7_file", "length": 30000, "emb_size": "4", "dtype": "string", "default_value": "-1", "share_tag": "no", "emb_type": "file", "map_file": "trip_last30_union_geo7_file", "default_val": 30000}, "trip_last30_union_geo7": {"process_func": "categorical_file", "input": "trip_last30_union_geo7", "params": "trip_last30_union_geo7_file", "length": 30000, "emb_size": "4", "dtype": "string", "default_value": "-1", "share_tag": "no", "emb_type": "file", "map_file": "trip_last30_union_geo7_file", "default_val": 30000}, "food_delivered_last30_cluster_id": {"process_func": "categorical_file", "input": "food_delivered_last30_cluster_id", "params": "food_delivered_last30_cluster_id_file", "length": 12165, "emb_size": "4", "dtype": "string", "default_value": "-1", "share_tag": "no", "emb_type": "file", "map_file": "food_delivered_last30_cluster_id_file", "default_val": 12165}, "food_delivered_last30_area_id": {"process_func": "categorical_file", "input": "food_delivered_last30_area_id", "params": "food_delivered_last30_area_id_file", "length": 1532, "emb_size": "4", "dtype": "string", "default_value": "-1", "share_tag": "no", "emb_type": "file", "map_file": "food_delivered_last30_area_id_file", "default_val": 1532}, "food_delivered_last30_grid_id": {"process_func": "categorical_file", "input": "food_delivered_last30_grid_id", "params": "food_delivered_last30_grid_id_file", "length": 11063, "emb_size": "4", "dtype": "string", "default_value": "-1", "share_tag": "no", "emb_type": "file", "map_file": "food_delivered_last30_grid_id_file", "default_val": 11063}, "food_delivered_last30_hotzone_id": {"process_func": "categorical_file", "input": "food_delivered_last30_hotzone_id", "params": "food_delivered_last30_hotzone_id_file", "length": 651, "emb_size": "4", "dtype": "string", "default_value": "-1", "share_tag": "no", "emb_type": "file", "map_file": "food_delivered_last30_hotzone_id_file", "default_val": 651}, "food_delivered_last30_shop_id": {"process_func": "categorical_file", "input": "food_delivered_last30_shop_id", "params": "food_delivered_last180_shop_id_file", "length": 30000, "emb_size": "4", "dtype": "string", "default_value": "-1", "share_tag": "no", "emb_type": "file", "map_file": "food_delivered_last180_shop_id_file", "default_val": 30000}, "food_delivered_last30_dest_geo7": {"process_func": "categorical_file", "input": "food_delivered_last30_dest_geo7", "params": "food_delivered_last30_dest_geo7_file", "length": 7868, "emb_size": "4", "dtype": "string", "default_value": "-1", "share_tag": "no", "emb_type": "file", "map_file": "food_delivered_last30_dest_geo7_file", "default_val": 7868}, "dest_category": {"process_func": "categorical_file", "input": "dest_category", "params": "poi_category_file", "length": 330, "emb_size": "4", "dtype": "string", "default_value": "-1", "share_tag": "no", "emb_type": "file", "map_file": "poi_category_file", "default_val": 330}, "start_category": {"process_func": "categorical_file", "input": "start_category", "params": "poi_category_file", "length": 330, "emb_size": "4", "dtype": "string", "default_value": "-1", "share_tag": "no", "emb_type": "file", "map_file": "poi_category_file", "default_val": 330}, "union_category": {"process_func": "categorical_file", "input": "union_category", "params": "poi_category_file", "length": 330, "emb_size": "4", "dtype": "string", "default_value": "-1", "share_tag": "no", "emb_type": "file", "map_file": "poi_category_file", "default_val": 330}, "last15_ip_list": {"process_func": "categorical_file", "input": "last15_ip_list", "params": "ip_list_file", "length": 30000, "emb_size": "4", "dtype": "string", "default_value": "-1", "share_tag": "no", "emb_type": "file", "map_file": "ip_list_file", "default_val": 30000}, "last30_ip_list": {"process_func": "categorical_file", "input": "last30_ip_list", "params": "ip_list_file", "length": 30000, "emb_size": "4", "dtype": "string", "default_value": "-1", "share_tag": "no", "emb_type": "file", "map_file": "ip_list_file", "default_val": 30000}, "last60_ip_list": {"process_func": "categorical_file", "input": "last60_ip_list", "params": "ip_list_file", "length": 30000, "emb_size": "4", "dtype": "string", "default_value": "-1", "share_tag": "no", "emb_type": "file", "map_file": "ip_list_file", "default_val": 30000}, "last7_ip_list": {"process_func": "categorical_file", "input": "last7_ip_list", "params": "ip_list_file", "length": 30000, "emb_size": "4", "dtype": "string", "default_value": "-1", "share_tag": "no", "emb_type": "file", "map_file": "ip_list_file", "default_val": 30000}, "last15_brand_list": {"process_func": "categorical_file", "input": "last15_brand_list", "params": "brand_list_file", "length": 59, "emb_size": "4", "dtype": "string", "default_value": "-1", "share_tag": "no", "emb_type": "file", "map_file": "brand_list_file", "default_val": 59}, "last30_brand_list": {"process_func": "categorical_file", "input": "last30_brand_list", "params": "brand_list_file", "length": 59, "emb_size": "4", "dtype": "string", "default_value": "-1", "share_tag": "no", "emb_type": "file", "map_file": "brand_list_file", "default_val": 59}, "last60_brand_list": {"process_func": "categorical_file", "input": "last60_brand_list", "params": "brand_list_file", "length": 59, "emb_size": "4", "dtype": "string", "default_value": "-1", "share_tag": "no", "emb_type": "file", "map_file": "brand_list_file", "default_val": 59}, "last7_brand_list": {"process_func": "categorical_file", "input": "last7_brand_list", "params": "brand_list_file", "length": 59, "emb_size": "4", "dtype": "string", "default_value": "-1", "share_tag": "no", "emb_type": "file", "map_file": "brand_list_file", "default_val": 59}, "residence_geohash7": {"process_func": "categorical_file", "input": "residence_geohash7", "params": "residence_geohash7_file", "length": 12863, "emb_size": "4", "dtype": "string", "default_value": "-1", "share_tag": "no", "emb_type": "file", "map_file": "residence_geohash7_file", "default_val": 12863}, "register_date": {"process_func": "categorical_file", "input": "register_date", "params": "week_file", "length": 8, "emb_size": "4", "dtype": "string", "default_value": "-1", "share_tag": "no", "emb_type": "file", "map_file": "week_file", "default_val": 8}, "credit_app_date": {"process_func": "categorical_file", "input": "credit_app_date", "params": "week_file", "length": 8, "emb_size": "4", "dtype": "string", "default_value": "-1", "share_tag": "no", "emb_type": "file", "map_file": "week_file", "default_val": 8}, "credit_approve_date": {"process_func": "categorical_file", "input": "credit_approve_date", "params": "week_file", "length": 8, "emb_size": "4", "dtype": "string", "default_value": "-1", "share_tag": "no", "emb_type": "file", "map_file": "week_file", "default_val": 8}, "loan_apply_date": {"process_func": "categorical_file", "input": "loan_apply_date", "params": "week_file", "length": 8, "emb_size": "4", "dtype": "string", "default_value": "-1", "share_tag": "no", "emb_type": "file", "map_file": "week_file", "default_val": 8}, "loan_approve_date": {"process_func": "categorical_file", "input": "loan_approve_date", "params": "week_file", "length": 8, "emb_size": "4", "dtype": "string", "default_value": "-1", "share_tag": "no", "emb_type": "file", "map_file": "week_file", "default_val": 8}, "app_type": {"process_func": "categorical_file", "input": "app_type", "params": "app_type_file", "length": 7, "emb_size": "4", "dtype": "string", "default_value": "-1", "share_tag": "no", "emb_type": "file", "map_file": "app_type_file", "default_val": 7}, "age": {"process_func": "categorical_file", "input": "age", "params": "age_file", "length": 81, "emb_size": "4", "dtype": "string", "default_value": "-1", "share_tag": "no", "emb_type": "file", "map_file": "age_file", "default_val": 81}, "education": {"process_func": "categorical_file", "input": "education", "params": "education_file", "length": 7, "emb_size": "4", "dtype": "string", "default_value": "-1", "share_tag": "no", "emb_type": "file", "map_file": "education_file", "default_val": 7}, "housing": {"process_func": "categorical_file", "input": "housing", "params": "housing_file", "length": 6, "emb_size": "4", "dtype": "string", "default_value": "-1", "share_tag": "no", "emb_type": "file", "map_file": "housing_file", "default_val": 6}, "occupation": {"process_func": "categorical_file", "input": "occupation", "params": "occupation_file", "length": 10, "emb_size": "4", "dtype": "string", "default_value": "-1", "share_tag": "no", "emb_type": "file", "map_file": "occupation_file", "default_val": 10}, "company_industry": {"process_func": "categorical_file", "input": "company_industry", "params": "company_industry_file", "length": 14, "emb_size": "4", "dtype": "string", "default_value": "-1", "share_tag": "no", "emb_type": "file", "map_file": "company_industry_file", "default_val": 14}, "marriage": {"process_func": "categorical_file", "input": "marriage", "params": "marriage_file", "length": 4, "emb_size": "4", "dtype": "string", "default_value": "-1", "share_tag": "no", "emb_type": "file", "map_file": "marriage_file", "default_val": 4}, "holding_cars": {"process_func": "categorical_file", "input": "holding_cars", "params": "holding_cars_file", "length": 4, "emb_size": "4", "dtype": "string", "default_value": "-1", "share_tag": "no", "emb_type": "file", "map_file": "holding_cars_file", "default_val": 4}, "gender": {"process_func": "categorical_file", "input": "gender", "params": "gender_file", "length": 3, "emb_size": "4", "dtype": "string", "default_value": "-1", "share_tag": "no", "emb_type": "file", "map_file": "gender_file", "default_val": 3}, "residence": {"process_func": "categorical_file", "input": "residence", "params": "residence_file", "length": 6, "emb_size": "4", "dtype": "string", "default_value": "-1", "share_tag": "no", "emb_type": "file", "map_file": "residence_file", "default_val": 6}, "month_income": {"process_func": "categorical_file", "input": "month_income", "params": "month_income_file", "length": 7, "emb_size": "4", "dtype": "string", "default_value": "-1", "share_tag": "no", "emb_type": "file", "map_file": "month_income_file", "default_val": 7}, "monthly_spend": {"process_func": "categorical_file", "input": "monthly_spend", "params": "month_income_file", "length": 7, "emb_size": "4", "dtype": "string", "default_value": "-1", "share_tag": "no", "emb_type": "file", "map_file": "month_income_file", "default_val": 7}, "start_category_hour": {"process_func": "categorical_file", "input": "start_category_hour", "params": "start_category_hour_file", "length": 1313, "emb_size": "4", "dtype": "string", "default_value": "-1", "share_tag": "no", "emb_type": "file", "map_file": "start_category_hour_file", "default_val": 1313}, "dest_category_work_day": {"process_func": "categorical_file", "input": "dest_category_work_day", "params": "dest_category_work_day_file", "length": 807, "emb_size": "4", "dtype": "string", "default_value": "-1", "share_tag": "no", "emb_type": "file", "map_file": "dest_category_work_day_file", "default_val": 807}, "start_category_work_day": {"process_func": "categorical_file", "input": "start_category_work_day", "params": "start_category_work_day_file", "length": 550, "emb_size": "4", "dtype": "string", "default_value": "-1", "share_tag": "no", "emb_type": "file", "map_file": "start_category_work_day_file", "default_val": 550}, "dest_category_order_type": {"process_func": "categorical_file", "input": "dest_category_order_type", "params": "dest_category_order_type_file", "length": 1513, "emb_size": "4", "dtype": "string", "default_value": "-1", "share_tag": "no", "emb_type": "file", "map_file": "dest_category_order_type_file", "default_val": 1513}, "start_category_order_type": {"process_func": "categorical_file", "input": "start_category_order_type", "params": "start_category_order_type_file", "length": 1244, "emb_size": "4", "dtype": "string", "default_value": "-1", "share_tag": "no", "emb_type": "file", "map_file": "start_category_order_type_file", "default_val": 1244}, "work_day_order_type": {"process_func": "categorical_file", "input": "work_day_order_type", "params": "work_day_order_type_file", "length": 19, "emb_size": "4", "dtype": "string", "default_value": "-1", "share_tag": "no", "emb_type": "file", "map_file": "work_day_order_type_file", "default_val": 19}, "hour_type_order_type": {"process_func": "categorical_file", "input": "hour_type_order_type", "params": "hour_type_order_type_file", "length": 29, "emb_size": "4", "dtype": "string", "default_value": "-1", "share_tag": "no", "emb_type": "file", "map_file": "hour_type_order_type_file", "default_val": 29}, "food_delivered_last365_dest_geo7": {"process_func": "categorical_file", "input": "food_delivered_last365_dest_geo7", "params": "food_delivered_last365_dest_geo7_file", "length": 30000, "emb_size": "4", "dtype": "string", "default_value": "-1", "share_tag": "no", "emb_type": "file", "map_file": "food_delivered_last365_dest_geo7_file", "default_val": 30000}, "food_delivered_last365_shop_id": {"process_func": "categorical_file", "input": "food_delivered_last365_shop_id", "params": "food_delivered_last180_shop_id_file", "length": 30000, "emb_size": "4", "dtype": "string", "default_value": "-1", "share_tag": "no", "emb_type": "file", "map_file": "food_delivered_last180_shop_id_file", "default_val": 30000}, "user_button_bk": {"process_func": "numeric_bucket", "input": "user_button", "params": "[0,1,2,3,5,7,10,20,30,50,80,90]", "length": 12, "emb_size": "4", "dtype": "int", "default_value": -1, "share_tag": "wa"}, "user_text_bk": {"process_func": "numeric_bucket", "input": "user_text", "params": "[0,1,2,3,4,5,10,100,1000]", "length": 9, "emb_size": "4", "dtype": "int", "default_value": -1, "share_tag": "wa"}, "user_button_90d_bk": {"process_func": "numeric_bucket", "input": "user_button_90d", "params": "[0,1,2,3,5,7,10,20,30,50,80,90]", "length": 12, "emb_size": "4", "dtype": "int", "default_value": -1, "share_tag": "wa"}, "user_text_90d_bk": {"process_func": "numeric_bucket", "input": "user_text_90d", "params": "[0,1,2,3,4,5,10,100,1000]", "length": 9, "emb_size": "4", "dtype": "int", "default_value": -1, "share_tag": "wa"}, "user_button1_bk": {"process_func": "numeric_bucket", "input": "user_button1", "params": "[0,1,2,3,5,7,10,20,30,50,80,90]", "length": 12, "emb_size": "4", "dtype": "int", "default_value": -1, "share_tag": "wa"}, "user_button2_bk": {"process_func": "numeric_bucket", "input": "user_button2", "params": "[0,1,2,3,5,7,10,20,30,50,80,90]", "length": 12, "emb_size": "4", "dtype": "int", "default_value": -1, "share_tag": "wa"}, "user_button3_bk": {"process_func": "numeric_bucket", "input": "user_button3", "params": "[0,1,2,3,5,7,10,20,30,50,80,90]", "length": 12, "emb_size": "4", "dtype": "int", "default_value": -1, "share_tag": "wa"}, "user_button4_bk": {"process_func": "numeric_bucket", "input": "user_button4", "params": "[0,1,2,3,5,7,10,20,30,50,80,90]", "length": 12, "emb_size": "4", "dtype": "int", "default_value": -1, "share_tag": "wa"}, "user_button5_bk": {"process_func": "numeric_bucket", "input": "user_button5", "params": "[0,1,2,3,5,7,10,20,30,50,80,90]", "length": 12, "emb_size": "4", "dtype": "int", "default_value": -1, "share_tag": "wa"}, "user_button1_90d_bk": {"process_func": "numeric_bucket", "input": "user_button1_90d", "params": "[0,1,2,3,5,7,10,20,30,50,80,90]", "length": 12, "emb_size": "4", "dtype": "int", "default_value": -1, "share_tag": "wa"}, "user_button2_90d_bk": {"process_func": "numeric_bucket", "input": "user_button2_90d", "params": "[0,1,2,3,5,7,10,20,30,50,80,90]", "length": 12, "emb_size": "4", "dtype": "int", "default_value": -1, "share_tag": "wa"}, "user_button3_90d_bk": {"process_func": "numeric_bucket", "input": "user_button3_90d", "params": "[0,1,2,3,5,7,10,20,30,50,80,90]", "length": 12, "emb_size": "4", "dtype": "int", "default_value": -1, "share_tag": "wa"}, "user_button4_90d_bk": {"process_func": "numeric_bucket", "input": "user_button4_90d", "params": "[0,1,2,3,5,7,10,20,30,50,80,90]", "length": 12, "emb_size": "4", "dtype": "int", "default_value": -1, "share_tag": "wa"}, "user_button5_90d_bk": {"process_func": "numeric_bucket", "input": "user_button5_90d", "params": "[0,1,2,3,5,7,10,20,30,50,80,90]", "length": 12, "emb_size": "4", "dtype": "int", "default_value": -1, "share_tag": "wa"}, "last_user_button1_days_bk": {"process_func": "numeric_bucket", "input": "last_user_button1_days", "params": "[0,1,2,3,5,7,10,20,30,50,80,90]", "length": 12, "emb_size": "4", "dtype": "int", "default_value": -1, "share_tag": "wa"}, "last_user_button2_days_bk": {"process_func": "numeric_bucket", "input": "last_user_button2_days", "params": "[0,1,2,3,5,7,10,20,30,50,80,90]", "length": 12, "emb_size": "4", "dtype": "int", "default_value": -1, "share_tag": "wa"}, "last_user_button3_days_bk": {"process_func": "numeric_bucket", "input": "last_user_button3_days", "params": "[0,1,2,3,5,7,10,20,30,50,80,90]", "length": 12, "emb_size": "4", "dtype": "int", "default_value": -1, "share_tag": "wa"}, "last_user_button4_days_bk": {"process_func": "numeric_bucket", "input": "last_user_button4_days", "params": "[0,1,2,3,5,7,10,20,30,50,80,90]", "length": 12, "emb_size": "4", "dtype": "int", "default_value": -1, "share_tag": "wa"}, "last_user_button5_days_bk": {"process_func": "numeric_bucket", "input": "last_user_button5_days", "params": "[0,1,2,3,5,7,10,20,30,50,80,90]", "length": 12, "emb_size": "4", "dtype": "int", "default_value": -1, "share_tag": "wa"}, "emergency_credit_user_cnt_numeric": {"process_func": "numeric_continuous", "input": "emergency_credit_user_cnt", "params": "0_1", "length": "1", "emb_size": "1", "dtype": "float", "default_value": -1.0, "share_tag": "no"}, "emergency_credit_user_cnt_bk": {"process_func": "numeric_bucket", "input": "emergency_credit_user_cnt", "params": "[0,1,2,3,5,7,10,30,50,100]", "length": 10, "emb_size": "4", "dtype": "float", "default_value": -1.0, "share_tag": "no"}, "emergency_credit_usage_first_order_max_bk": {"process_func": "numeric_bucket", "input": "emergency_credit_usage_first_order_max", "params": "[0,10,20,30,40,50,60,70,80,90,100]", "length": 11, "emb_size": "4", "dtype": "float", "default_value": -1.0, "share_tag": "no"}, "is_banca_credit_user_bk": {"process_func": "numeric_bucket", "input": "is_banca_credit_user", "params": "[0,1,2]", "length": 3, "emb_size": "4", "dtype": "int", "default_value": -1, "share_tag": "no"}, "is_nubank_credit_user_bk": {"process_func": "numeric_bucket", "input": "is_nubank_credit_user", "params": "[0,1,2]", "length": 3, "emb_size": "4", "dtype": "int", "default_value": -1, "share_tag": "no"}, "is_authorised_credit_bk": {"process_func": "numeric_bucket", "input": "is_authorised_credit", "params": "[0,1,2]", "length": 3, "emb_size": "4", "dtype": "int", "default_value": -1, "share_tag": "no"}, "authorised_credit_banks_bk": {"process_func": "numeric_bucket", "input": "authorised_credit_banks", "params": "[0,1,2,3,4,5,7,10,15,20,30]", "length": 11, "emb_size": "4", "dtype": "int", "default_value": -1, "share_tag": "no"}, "last_1_month_city_num_bk": {"process_func": "numeric_bucket", "input": "last_1_month_city_num", "params": "[0, 1, 2, 3, 4, 5, 6, 8, 9, 13, 20, 30]", "length": 12, "emb_size": "4", "dtype": "int", "default_value": -1, "share_tag": "no"}, "last_1_month_ip_num_bk": {"process_func": "numeric_bucket", "input": "last_1_month_ip_num", "params": "[0, 1, 2, 3, 4, 5, 6, 8, 9, 13, 20, 30]", "length": 12, "emb_size": "4", "dtype": "int", "default_value": -1, "share_tag": "no"}, "last_1_month_wifi_num_bk": {"process_func": "numeric_bucket", "input": "last_1_month_wifi_num", "params": "[0, 1, 2, 3, 4, 5, 6, 8, 9, 13, 20, 30]", "length": 12, "emb_size": "4", "dtype": "int", "default_value": -1, "share_tag": "no"}, "last_14_day_min_actual_cost_numeric": {"process_func": "numeric_continuous", "input": "last_14_day_min_actual_cost", "params": "0_1", "length": "1", "emb_size": "1", "dtype": "float", "default_value": -1.0, "share_tag": "no"}, "last_14_day_min_actual_cost_bk": {"process_func": "numeric_bucket", "input": "last_14_day_min_actual_cost", "params": "[0, 1.8291666667, 3.4663636364, 5.5864835165, 8.7, 13.734, 23.1866666667, 45.6266666667]", "length": 8, "emb_size": "4", "dtype": "float", "default_value": -1.0, "share_tag": "no"}, "last_60_day_avg_original_cost_numeric": {"process_func": "numeric_continuous", "input": "last_60_day_avg_original_cost", "params": "0_1", "length": "1", "emb_size": "1", "dtype": "int", "default_value": -1, "share_tag": "no"}, "push_avg_count_numeric": {"process_func": "numeric_continuous", "input": "push_avg_count", "params": "0_1", "length": "1", "emb_size": "1", "dtype": "int", "default_value": -1, "share_tag": "no"}, "push_avg_count_bk": {"process_func": "numeric_bucket", "input": "push_avg_count", "params": "[0, 1, 2, 3, 4, 5, 6, 8, 9, 13, 20, 30]", "length": 12, "emb_size": "4", "dtype": "int", "default_value": -1, "share_tag": "no"}, "register_days_bk": {"process_func": "numeric_bucket", "input": "register_days", "params": "[0, 1, 38, 76, 121, 156, 188, 220, 254, 310, 417, 678]", "length": 12, "emb_size": "4", "dtype": "int", "default_value": -1, "share_tag": "no"}, "credit_auth_days_bk": {"process_func": "numeric_bucket", "input": "credit_auth_days", "params": "[0, 1, 34, 70, 107, 145, 172, 202, 235, 273, 361]", "length": 11, "emb_size": "4", "dtype": "int", "default_value": -1, "share_tag": "no"}, "fin_loan_abroad_credit_home_time_sw_bk": {"process_func": "numeric_bucket", "input": "fin_loan_abroad_credit_home_time_sw", "params": "[0, 1, 2,  3, 4, 5, 6]", "length": 7, "emb_size": "4", "dtype": "int", "default_value": -1, "share_tag": "no"}, "fin_loan_abroad_credit_perinfo_confirm_ck_bk": {"process_func": "numeric_bucket", "input": "fin_loan_abroad_credit_perinfo_confirm_ck", "params": "[0, 1, 2, 3, 4, 8, 10, 50, 100, 311]", "length": 10, "emb_size": "4", "dtype": "int", "default_value": -1, "share_tag": "no"}, "comparing_cnt_in30_bk": {"process_func": "numeric_bucket", "input": "comparing_cnt_in30", "params": "[0, 1, 2,  3, 4,  5, 10, 20, 40,66]", "length": 10, "emb_size": "4", "dtype": "int", "default_value": -1, "share_tag": "no"}, "info_fillin_days_bk": {"process_func": "numeric_bucket", "input": "info_fillin_days", "params": "[0, 1, 34, 70, 107, 146, 174, 205, 239, 278, 364, 678]", "length": 12, "emb_size": "4", "dtype": "int", "default_value": -1, "share_tag": "no"}, "fin_loan_abroad_privacy_page_sw_bk": {"process_func": "numeric_bucket", "input": "fin_loan_abroad_privacy_page_sw", "params": "[0, 1,  2,  5, 10, 50,  138]", "length": 7, "emb_size": "4", "dtype": "int", "default_value": -1, "share_tag": "no"}, "if_credit_auth_bk": {"process_func": "numeric_bucket", "input": "if_credit_auth", "params": "[0, 1 ]", "length": 2, "emb_size": "4", "dtype": "int", "default_value": -1, "share_tag": "no"}, "fin_loan_abroad_credit_bureau_resend_ck_bk": {"process_func": "numeric_bucket", "input": "fin_loan_abroad_credit_bureau_resend_ck", "params": "[0, 1,  2, 3, 4, 10, 30, 52]", "length": 8, "emb_size": "4", "dtype": "int", "default_value": -1, "share_tag": "no"}, "fin_loan_abroad_sdk_facial_bt_bk": {"process_func": "numeric_bucket", "input": "fin_loan_abroad_sdk_facial_bt", "params": "[0, 1, 371]", "length": 3, "emb_size": "4", "dtype": "int", "default_value": -1, "share_tag": "no"}, "session_cnt_in30_bk": {"process_func": "numeric_bucket", "input": "session_cnt_in30", "params": "[0, 1,   2, 3, 5, 7, 11, 15, 23, 37, 367]", "length": 11, "emb_size": "4", "dtype": "int", "default_value": -1, "share_tag": "no"}, "fin_loan_abroad_credit_submit_ck_bk": {"process_func": "numeric_bucket", "input": "fin_loan_abroad_credit_submit_ck", "params": "[0, 1, 4, 8]", "length": 4, "emb_size": "4", "dtype": "int", "default_value": -1, "share_tag": "no"}, "fin_loan_abroad_credit_home_sw_bk": {"process_func": "numeric_bucket", "input": "fin_loan_abroad_credit_home_sw", "params": "[0, 1,  2,  3, 4, 6, 326]", "length": 7, "emb_size": "4", "dtype": "int", "default_value": -1, "share_tag": "no"}, "fin_loan_abroad_credit_workinfo_rfc_typ_bk": {"process_func": "numeric_bucket", "input": "fin_loan_abroad_credit_workinfo_rfc_typ", "params": "[0, 1,  2 ]", "length": 3, "emb_size": "4", "dtype": "int", "default_value": -1, "share_tag": "no"}, "fin_loan_abroad_credit_bureau_sw_bk": {"process_func": "numeric_bucket", "input": "fin_loan_abroad_credit_bureau_sw", "params": "[0, 1,  2, 50]", "length": 4, "emb_size": "4", "dtype": "int", "default_value": -1, "share_tag": "no"}, "fin_loan_abroad_credit_facial_confirm_ck_bk": {"process_func": "numeric_bucket", "input": "fin_loan_abroad_credit_facial_confirm_ck", "params": "[0, 1,  723]", "length": 3, "emb_size": "4", "dtype": "int", "default_value": -1, "share_tag": "no"}, "fin_loan_abroad_credit_perinfo_postal_typ_bk": {"process_func": "numeric_bucket", "input": "fin_loan_abroad_credit_perinfo_postal_typ", "params": "[0, 1,   2,   39]", "length": 4, "emb_size": "4", "dtype": "int", "default_value": -1, "share_tag": "no"}, "fin_loan_abroad_credit_authority_backend_bt_bk": {"process_func": "numeric_bucket", "input": "fin_loan_abroad_credit_authority_backend_bt", "params": "[0, 1,  2,   3, 4, 6, 324]", "length": 7, "emb_size": "4", "dtype": "int", "default_value": -1, "share_tag": "no"}, "visit_days_bk": {"process_func": "numeric_bucket", "input": "visit_days", "params": "[0, 1,   2,  3, 4]", "length": 5, "emb_size": "4", "dtype": "int", "default_value": -1, "share_tag": "no"}, "fin_loan_abroad_credit_perinfo_email_typ_bk": {"process_func": "numeric_bucket", "input": "fin_loan_abroad_credit_perinfo_email_typ", "params": "[0,   1,   2, 4, 93]", "length": 5, "emb_size": "4", "dtype": "int", "default_value": -1, "share_tag": "no"}, "pax_error_msg_other_unusual_cnt_total_bk": {"process_func": "numeric_bucket", "input": "pax_error_msg_other_unusual_cnt_total", "params": "[0,   1, 2, 18]", "length": 4, "emb_size": "4", "dtype": "int", "default_value": -1, "share_tag": "no"}, "fin_loan_abroad_privacy_agree_ck_bk": {"process_func": "numeric_bucket", "input": "fin_loan_abroad_privacy_agree_ck", "params": "[0, 1,   35]", "length": 3, "emb_size": "4", "dtype": "int", "default_value": -1, "share_tag": "no"}, "fin_loan_abroad_credit_curp_sw_bk": {"process_func": "numeric_bucket", "input": "fin_loan_abroad_credit_curp_sw", "params": "[0, 1,   2,  49]", "length": 4, "emb_size": "4", "dtype": "int", "default_value": -1, "share_tag": "no"}, "fin_loan_abroad_credit_authority_close_ck_bk": {"process_func": "numeric_bucket", "input": "fin_loan_abroad_credit_authority_close_ck", "params": "[0, 1,  2,  26]", "length": 4, "emb_size": "4", "dtype": "int", "default_value": -1, "share_tag": "no"}, "bank_app_num_bk": {"process_func": "numeric_bucket", "input": "bank_app_num", "params": "[0, 1,  2,   3, 14]", "length": 5, "emb_size": "4", "dtype": "int", "default_value": -1, "share_tag": "no"}, "if_info_fillin_bk": {"process_func": "numeric_bucket", "input": "if_info_fillin", "params": "[0, 1 ]", "length": 2, "emb_size": "4", "dtype": "int", "default_value": -1, "share_tag": "no"}, "last_1_year_passenger_online_orders_rate_bk": {"process_func": "numeric_bucket", "input": "last_1_year_passenger_online_orders_rate", "params": "[0, 0.0007102272727272727, 0.10526315789473684, 0.21739130434782608, 0.3333333333333333, 0.5, 0.6363636363636364, 0.782608695652174, 0.9183673469387755, 1.0]", "length": 10, "emb_size": "4", "dtype": "float", "default_value": -1.0, "share_tag": "no"}, "fin_loan_abroad_credit_perinfo_sw_bk": {"process_func": "numeric_bucket", "input": "fin_loan_abroad_credit_perinfo_sw", "params": "[0, 1,  2,  4]", "length": 4, "emb_size": "4", "dtype": "int", "default_value": -1, "share_tag": "no"}, "last_1_month_avg_actual_cost_bk": {"process_func": "numeric_bucket", "input": "last_1_month_avg_actual_cost", "params": "[0, 0.0069230769, 2.5395, 4.1708108108, 5.9133333333, 8.032173913, 10.81, 14.7817316017, 20.9945945946, 32.4255555556, 56.525, 2404.3]", "length": 12, "emb_size": "4", "dtype": "float", "default_value": -1.0, "share_tag": "no"}, "be_emergency_concat_user_cnt2_bk": {"process_func": "numeric_bucket", "input": "be_emergency_concat_user_cnt2", "params": "[0, 1.0, 2.0, 3.0,5.0,8.0,10.0,14.0]", "length": 8, "emb_size": "4", "dtype": "float", "default_value": -1.0, "share_tag": "no"}, "first_push_time_local_days_bk": {"process_func": "numeric_bucket", "input": "first_push_time_local_days", "params": "[0, 1, 58, 143, 184, 227, 262, 290, 353, 457, 521, 584]", "length": 12, "emb_size": "4", "dtype": "int", "default_value": -1, "share_tag": "no"}, "emergency_paid_duration_sum_bk": {"process_func": "numeric_bucket", "input": "emergency_paid_duration_sum", "params": "[0, 1.0, 2.0,  4.0,  6.0, 7.0, 10.0, 13.0, 19.0, 139.0]", "length": 10, "emb_size": "4", "dtype": "float", "default_value": -1.0, "share_tag": "no"}, "uid_type_id_bk": {"process_func": "numeric_bucket", "input": "uid_type_id", "params": "[0, 1,  2, 3, 4]", "length": 5, "emb_size": "4", "dtype": "int", "default_value": -1, "share_tag": "no"}, "emergency_credit_usage_first_order_avg_bk": {"process_func": "numeric_bucket", "input": "emergency_credit_usage_first_order_avg", "params": "[0, 4.0, 88.0, 100.0, 200.0, 300.0,400.0]", "length": 7, "emb_size": "4", "dtype": "float", "default_value": -1.0, "share_tag": "no"}, "emergency_credit_usage_first_order_min_bk": {"process_func": "numeric_bucket", "input": "emergency_credit_usage_first_order_min", "params": "[0, 4.0, 86.0, 100.0, 200.0, 300.0, 400.0]", "length": 7, "emb_size": "4", "dtype": "float", "default_value": -1.0, "share_tag": "no"}, "prob_de_bk": {"process_func": "numeric_bucket", "input": "prob_de", "params": "[0, 0.029179591076327945, 0.2727398484915985, 0.33305546153383997, 0.38460719443133745, 0.422231580003596, 0.45357344542233896, 0.4791169185701066, 0.4989201706341997, 0.530818898955342, 0.584899053821824, 0.8560243584121259]", "length": 12, "emb_size": "4", "dtype": "float", "default_value": -1.0, "share_tag": "no"}, "last_1_year_international_passenger_finish_orders_ratio_finish_bk": {"process_func": "numeric_bucket", "input": "last_1_year_international_passenger_finish_orders_ratio_finish", "params": "[0, 0.03333333333333333, 2.0, 5.0, 7.666666666666667, 11.0, 15.5, 21.0, 28.0, 38.5, 59.0, 746.0]", "length": 12, "emb_size": "4", "dtype": "float", "default_value": -1.0, "share_tag": "no"}, "emergency_has_fpd30_performance_principal_fist_sum_bk": {"process_func": "numeric_bucket", "input": "emergency_has_fpd30_performance_principal_fist_sum", "params": "[0, 300.0, 500.0, 600.0, 900.0, 1200.0, 1500.0, 1900.0, 2100.0, 2800.0, 12800.0]", "length": 11, "emb_size": "4", "dtype": "float", "default_value": -1.0, "share_tag": "no"}, "g6_credit_auth_rate_bk": {"process_func": "numeric_bucket", "input": "g6_credit_auth_rate", "params": "[0, 0.003289473684210526, 0.04355885078776645, 0.050387596899224806, 0.055226824457593686, 0.0599250936329588, 0.06394350066806642, 0.06835284280936454, 0.07320135200386287, 0.07905900501349789, 0.09132947976878612, 1.0]", "length": 12, "emb_size": "4", "dtype": "float", "default_value": -1.0, "share_tag": "no"}, "cell_phone_os_bk": {"process_func": "numeric_bucket", "input": "cell_phone_os", "params": "[0, 1]", "length": 2, "emb_size": "4", "dtype": "int", "default_value": -1, "share_tag": "no"}, "wa_read_ratio_bk": {"process_func": "numeric_bucket", "input": "wa_read_ratio", "params": "[0, 0.047619047619047616, 0.5, 0.8461538461538461, 1.0]", "length": 5, "emb_size": "4", "dtype": "float", "default_value": -1.0, "share_tag": "wa"}, "emergency_has_fpd7_performance_principal_fist_sum_bk": {"process_func": "numeric_bucket", "input": "emergency_has_fpd7_performance_principal_fist_sum", "params": "[0, 300.0,  500.0, 600.0, 900.0, 1200.0, 1500.0, 1900.0, 2200.0, 2900.0, 22400.0]", "length": 11, "emb_size": "4", "dtype": "float", "default_value": -1.0, "share_tag": "no"}, "submit_a_bk": {"process_func": "numeric_bucket", "input": "submit_a", "params": "[0, 0.0006734006734006734, 0.07563025210084033, 0.09890263847563499, 0.11705685618729098, 0.1331521739130435, 0.1485511182571412, 0.16482589210838022, 0.1825989147517506, 0.20633434547908233, 0.24819583981887647, 1.0]", "length": 12, "emb_size": "4", "dtype": "float", "default_value": -1.0, "share_tag": "no"}, "sum_credit_succ_limit_rate_bk": {"process_func": "numeric_bucket", "input": "sum_credit_succ_limit_rate", "params": "[0, 0.058823529411764705, 3250.0, 6020.185185185185, 8821.42857142857, 11750.25, 15056.666666666666, 19089.35714285714, 24476.666666666668, 32614.1, 48950.0, 4573795.0]", "length": 12, "emb_size": "4", "dtype": "float", "default_value": -1.0, "share_tag": "no"}, "first_call_days_bk": {"process_func": "numeric_bucket", "input": "first_call_days", "params": "[0, 1, 172, 348, 515, 658, 801, 947, 1201, 1347, 1556, 1823]", "length": 12, "emb_size": "4", "dtype": "int", "default_value": -1, "share_tag": "no"}, "d90_register_a_bk": {"process_func": "numeric_bucket", "input": "d90_register_a", "params": "[0, 0.00016233766233766234, 0.029836876699520055, 0.04111788562185769, 0.05070420711716269, 0.060595509129056736, 0.07120448849396217, 0.08333333333333333, 0.09819587628865979, 0.1194099457108359, 0.1622584541062802, 1.0]", "length": 12, "emb_size": "4", "dtype": "float", "default_value": -1.0, "share_tag": "no"}, "concat_overdue_month_over6_no_credit_account_num_avg_bk": {"process_func": "numeric_bucket", "input": "concat_overdue_month_over6_no_credit_account_num_avg", "params": "[0, 0.03571428571428571, 0.5454545454545454, 0.8, 1.0, 1.1304347826086956, 1.3043478260869565, 1.5, 1.6666666666666667, 2.0, 2.4583333333333335, 60.0]", "length": 12, "emb_size": "4", "dtype": "float", "default_value": -1.0, "share_tag": "no"}, "first_login_city_bk": {"process_func": "numeric_bucket", "input": "first_login_city", "params": "[0, 1, 52080200, 52090100, 52120500, 52150600, 52190500, 52210400, 52260200, 966050700]", "length": 10, "emb_size": "4", "dtype": "int", "default_value": -1, "share_tag": "no"}, "g6_comparing_session_cnt_in30_bk": {"process_func": "numeric_bucket", "input": "g6_comparing_session_cnt_in30", "params": "[0, 0.005235602094240838, 1.4791068164011492, 2.190167682926829, 2.5906055991566124, 2.9187293396758847, 3.1950571659544984, 3.4989939637826963, 3.8576292828261334, 4.280117531831538, 4.954591321897074, 91.0]", "length": 12, "emb_size": "4", "dtype": "float", "default_value": -1.0, "share_tag": "no"}, "new_customer_register_rate_bk": {"process_func": "numeric_bucket", "input": "new_customer_register_rate", "params": "[0, 0.004739336492890996, 0.047619047619047616, 0.0625, 0.07692307692307693, 0.09375, 0.1111111111111111, 0.13333333333333333, 0.16666666666666666, 0.2, 0.3125, 1.0]", "length": 12, "emb_size": "4", "dtype": "float", "default_value": -1.0, "share_tag": "no"}, "last_6_month_international_passenger_cannel_orders_bk": {"process_func": "numeric_bucket", "input": "last_6_month_international_passenger_cannel_orders", "params": "[0, 1,  2,  3, 4, 6, 9, 16, 975]", "length": 9, "emb_size": "4", "dtype": "int", "default_value": -1, "share_tag": "no"}, "last_30_day_sum_actual_cost_ratio_over_1_year_bk": {"process_func": "numeric_bucket", "input": "last_30_day_sum_actual_cost_ratio_over_1_year", "params": "[0, 0.0003315624882257639, 0.058460539136083144, 0.09238570636241185, 0.13005780346820808, 0.17703349282296652, 0.24152910512597742, 0.3350211635719743, 0.4845679012345679, 0.7668353444920203, 1.0 ]", "length": 11, "emb_size": "4", "dtype": "float", "default_value": -1.0, "share_tag": "no"}, "persona_age_rate_bk": {"process_func": "numeric_bucket", "input": "persona_age_rate", "params": "[0, 1.0, 27.071428571428573, 29.625, 31.285714285714285, 32.63636363636363, 33.83870967741935, 35.0, 36.2, 37.666666666666664, 40.0, 122.0]", "length": 12, "emb_size": "4", "dtype": "float", "default_value": -1.0, "share_tag": "no"}, "prob_ab_bk": {"process_func": "numeric_bucket", "input": "prob_ab", "params": "[0, 0.003070055647291478, 0.017268514351892653, 0.022398355133370306, 0.028956879509340908, 0.0362970093763307, 0.04572474452785957, 0.05687418034511344, 0.0711468921012004, 0.099727418383978, 0.15780264167863364, 0.9280955696843769]", "length": 12, "emb_size": "4", "dtype": "float", "default_value": -1.0, "share_tag": "no"}, "credit_loan_report_inquiry_open_month_rate_bk": {"process_func": "numeric_bucket", "input": "credit_loan_report_inquiry_open_month_rate", "params": "[0, 0.1111111111111111, 14.25, 23.0, 29.5, 35.166666666666664, 40.5, 46.0, 52.3, 60.32183908045977, 73.15384615384616, 542.0]", "length": 12, "emb_size": "4", "dtype": "float", "default_value": -1.0, "share_tag": "no"}, "cashloan_app_num_bk": {"process_func": "numeric_bucket", "input": "cashloan_app_num", "params": "[0, 1,  2,  3, 10, 62]", "length": 6, "emb_size": "4", "dtype": "int", "default_value": -1, "share_tag": "no"}, "feature_list": ["join_whitelist_days_bk", "last_7_day_ip_num_bk", "model_score2_bk", "possibility_bk", "last_7_day_category_allloan_new_app_num_bk", "total_push_num_bk", "emergency_dpd7_amount_sum_bk", "education_rate_bk", "send_push_days_bk", "female_ratio_bk", "soda_num_bk", "send_sms_days_bk", "emergency_dpd30_amount_sum_bk", "total_sms_num_bk", "category_allloan_app_num_bk", "emergency_zero_repay_dura_sum_bk", "last_60_day_avg_discount_rate_bk", "last_1_month_category_allloan_new_app_num_bk", "cashloan_min_update_days_bk", "last_call_days_bk", "pax_bind_valid_card_last_time_total_diff_days_bk", "pax_bind_valid_card_cnt_total_bk", "pax_bind_card_cnt_total_bk", "avg_whitelist_score_bk", "register_a_bk", "reg_day_num_bk", "last_90_sms_num_bk", "emergency_no_connect_user_cnt_bk", "last_1_month_actual_cost_ratio_bk", "last_30_sms_num_bk", "last_14_days_wifi_num_bk", "credit_user_cnt_bk", "last_14_day_ip_num_bk", "last_7_day_avg_actual_cost_bk", "last_14_day_avg_actual_cost_bk", "last_3_month_category_allloan_new_app_num_bk", "pax_error_msg_error_sum_cnt_total_bk", "pax_error_msg_nullstr_cnt_total_bk", "visit_num_bk", "last_60_sms_num_bk", "avg_risk_score_bk", "marriage_rate_bk", "reverse_3th_month_actual_cost_bk", "cashloan_max_install_days_bk", "pax_unbind_card_his_cnt_30d_bk", "centre_uid_list", "bank_category", "trip_last15_union_geo7", "trip_last30_union_geo7", "food_delivered_last30_cluster_id", "food_delivered_last30_area_id", "food_delivered_last30_grid_id", "food_delivered_last30_hotzone_id", "food_delivered_last30_shop_id", "food_delivered_last30_dest_geo7", "dest_category", "start_category", "union_category", "last15_ip_list", "last30_ip_list", "last60_ip_list", "last7_ip_list", "last15_brand_list", "last30_brand_list", "last60_brand_list", "last7_brand_list", "residence_geohash7", "register_date", "credit_app_date", "credit_approve_date", "loan_apply_date", "loan_approve_date", "app_type", "age", "education", "housing", "occupation", "company_industry", "marriage", "holding_cars", "gender", "residence", "month_income", "monthly_spend", "start_category_hour", "dest_category_work_day", "start_category_work_day", "dest_category_order_type", "start_category_order_type", "work_day_order_type", "hour_type_order_type", "food_delivered_last365_dest_geo7", "food_delivered_last365_shop_id", "user_button_bk", "user_text_bk", "user_button_90d_bk", "user_text_90d_bk", "user_button1_bk", "user_button2_bk", "user_button3_bk", "user_button4_bk", "user_button5_bk", "user_button1_90d_bk", "user_button2_90d_bk", "user_button3_90d_bk", "user_button4_90d_bk", "user_button5_90d_bk", "last_user_button1_days_bk", "last_user_button2_days_bk", "last_user_button3_days_bk", "last_user_button4_days_bk", "last_user_button5_days_bk", "emergency_credit_user_cnt_numeric", "emergency_credit_user_cnt_bk", "emergency_credit_usage_first_order_max_bk", "is_banca_credit_user_bk", "is_nubank_credit_user_bk", "is_authorised_credit_bk", "authorised_credit_banks_bk", "last_1_month_city_num_bk", "last_1_month_ip_num_bk", "last_1_month_wifi_num_bk", "last_14_day_min_actual_cost_numeric", "last_14_day_min_actual_cost_bk", "last_60_day_avg_original_cost_numeric", "push_avg_count_numeric", "push_avg_count_bk", "register_days_bk", "credit_auth_days_bk", "fin_loan_abroad_credit_home_time_sw_bk", "fin_loan_abroad_credit_perinfo_confirm_ck_bk", "comparing_cnt_in30_bk", "info_fillin_days_bk", "fin_loan_abroad_privacy_page_sw_bk", "if_credit_auth_bk", "fin_loan_abroad_credit_bureau_resend_ck_bk", "fin_loan_abroad_sdk_facial_bt_bk", "session_cnt_in30_bk", "fin_loan_abroad_credit_submit_ck_bk", "fin_loan_abroad_credit_home_sw_bk", "fin_loan_abroad_credit_workinfo_rfc_typ_bk", "fin_loan_abroad_credit_bureau_sw_bk", "fin_loan_abroad_credit_facial_confirm_ck_bk", "fin_loan_abroad_credit_perinfo_postal_typ_bk", "fin_loan_abroad_credit_authority_backend_bt_bk", "visit_days_bk", "fin_loan_abroad_credit_perinfo_email_typ_bk", "pax_error_msg_other_unusual_cnt_total_bk", "fin_loan_abroad_privacy_agree_ck_bk", "fin_loan_abroad_credit_curp_sw_bk", "fin_loan_abroad_credit_authority_close_ck_bk", "bank_app_num_bk", "if_info_fillin_bk", "last_1_year_passenger_online_orders_rate_bk", "fin_loan_abroad_credit_perinfo_sw_bk", "last_1_month_avg_actual_cost_bk", "be_emergency_concat_user_cnt2_bk", "first_push_time_local_days_bk", "emergency_paid_duration_sum_bk", "uid_type_id_bk", "emergency_credit_usage_first_order_avg_bk", "emergency_credit_usage_first_order_min_bk", "prob_de_bk", "last_1_year_international_passenger_finish_orders_ratio_finish_bk", "emergency_has_fpd30_performance_principal_fist_sum_bk", "g6_credit_auth_rate_bk", "cell_phone_os_bk", "wa_read_ratio_bk", "emergency_has_fpd7_performance_principal_fist_sum_bk", "submit_a_bk", "sum_credit_succ_limit_rate_bk", "first_call_days_bk", "d90_register_a_bk", "concat_overdue_month_over6_no_credit_account_num_avg_bk", "first_login_city_bk", "g6_comparing_session_cnt_in30_bk", "new_customer_register_rate_bk", "last_6_month_international_passenger_cannel_orders_bk", "last_30_day_sum_actual_cost_ratio_over_1_year_bk", "persona_age_rate_bk", "prob_ab_bk", "credit_loan_report_inquiry_open_month_rate_bk", "cashloan_app_num_bk"], "emb_cols": ["join_whitelist_days_bk", "last_7_day_ip_num_bk", "model_score2_bk", "possibility_bk", "last_7_day_category_allloan_new_app_num_bk", "total_push_num_bk", "emergency_dpd7_amount_sum_bk", "education_rate_bk", "send_push_days_bk", "female_ratio_bk", "soda_num_bk", "emergency_dpd30_amount_sum_bk", "category_allloan_app_num_bk", "emergency_zero_repay_dura_sum_bk", "last_60_day_avg_discount_rate_bk", "last_1_month_category_allloan_new_app_num_bk", "cashloan_min_update_days_bk", "last_call_days_bk", "pax_bind_valid_card_last_time_total_diff_days_bk", "pax_bind_valid_card_cnt_total_bk", "pax_bind_card_cnt_total_bk", "avg_whitelist_score_bk", "register_a_bk", "reg_day_num_bk", "emergency_no_connect_user_cnt_bk", "last_1_month_actual_cost_ratio_bk", "last_14_days_wifi_num_bk", "credit_user_cnt_bk", "last_14_day_ip_num_bk", "last_7_day_avg_actual_cost_bk", "last_14_day_avg_actual_cost_bk", "last_3_month_category_allloan_new_app_num_bk", "pax_error_msg_error_sum_cnt_total_bk", "pax_error_msg_nullstr_cnt_total_bk", "visit_num_bk", "avg_risk_score_bk", "marriage_rate_bk", "reverse_3th_month_actual_cost_bk", "cashloan_max_install_days_bk", "pax_unbind_card_his_cnt_30d_bk", "centre_uid_list", "bank_category", "trip_last15_union_geo7", "trip_last30_union_geo7", "food_delivered_last30_cluster_id", "food_delivered_last30_area_id", "food_delivered_last30_grid_id", "food_delivered_last30_hotzone_id", "food_delivered_last30_shop_id", "food_delivered_last30_dest_geo7", "dest_category", "start_category", "union_category", "last15_ip_list", "last30_ip_list", "last60_ip_list", "last7_ip_list", "last15_brand_list", "last30_brand_list", "last60_brand_list", "last7_brand_list", "residence_geohash7", "register_date", "credit_app_date", "credit_approve_date", "loan_apply_date", "loan_approve_date", "app_type", "age", "education", "housing", "occupation", "company_industry", "marriage", "holding_cars", "gender", "residence", "month_income", "monthly_spend", "start_category_hour", "dest_category_work_day", "start_category_work_day", "dest_category_order_type", "start_category_order_type", "work_day_order_type", "hour_type_order_type", "food_delivered_last365_dest_geo7", "food_delivered_last365_shop_id", "emergency_credit_user_cnt_bk", "emergency_credit_usage_first_order_max_bk", "is_banca_credit_user_bk", "is_nubank_credit_user_bk", "is_authorised_credit_bk", "authorised_credit_banks_bk", "last_1_month_city_num_bk", "last_1_month_ip_num_bk", "last_1_month_wifi_num_bk", "last_14_day_min_actual_cost_bk", "push_avg_count_bk", "register_days_bk", "credit_auth_days_bk", "fin_loan_abroad_credit_home_time_sw_bk", "fin_loan_abroad_credit_perinfo_confirm_ck_bk", "comparing_cnt_in30_bk", "info_fillin_days_bk", "fin_loan_abroad_privacy_page_sw_bk", "if_credit_auth_bk", "fin_loan_abroad_credit_bureau_resend_ck_bk", "fin_loan_abroad_sdk_facial_bt_bk", "session_cnt_in30_bk", "fin_loan_abroad_credit_submit_ck_bk", "fin_loan_abroad_credit_home_sw_bk", "fin_loan_abroad_credit_workinfo_rfc_typ_bk", "fin_loan_abroad_credit_bureau_sw_bk", "fin_loan_abroad_credit_facial_confirm_ck_bk", "fin_loan_abroad_credit_perinfo_postal_typ_bk", "fin_loan_abroad_credit_authority_backend_bt_bk", "visit_days_bk", "fin_loan_abroad_credit_perinfo_email_typ_bk", "pax_error_msg_other_unusual_cnt_total_bk", "fin_loan_abroad_privacy_agree_ck_bk", "fin_loan_abroad_credit_curp_sw_bk", "fin_loan_abroad_credit_authority_close_ck_bk", "bank_app_num_bk", "if_info_fillin_bk", "last_1_year_passenger_online_orders_rate_bk", "fin_loan_abroad_credit_perinfo_sw_bk", "last_1_month_avg_actual_cost_bk", "be_emergency_concat_user_cnt2_bk", "first_push_time_local_days_bk", "emergency_paid_duration_sum_bk", "uid_type_id_bk", "emergency_credit_usage_first_order_avg_bk", "emergency_credit_usage_first_order_min_bk", "prob_de_bk", "last_1_year_international_passenger_finish_orders_ratio_finish_bk", "emergency_has_fpd30_performance_principal_fist_sum_bk", "g6_credit_auth_rate_bk", "cell_phone_os_bk", "emergency_has_fpd7_performance_principal_fist_sum_bk", "submit_a_bk", "sum_credit_succ_limit_rate_bk", "first_call_days_bk", "d90_register_a_bk", "concat_overdue_month_over6_no_credit_account_num_avg_bk", "first_login_city_bk", "g6_comparing_session_cnt_in30_bk", "new_customer_register_rate_bk", "last_6_month_international_passenger_cannel_orders_bk", "last_30_day_sum_actual_cost_ratio_over_1_year_bk", "persona_age_rate_bk", "prob_ab_bk", "credit_loan_report_inquiry_open_month_rate_bk", "cashloan_app_num_bk"], "numeric_cols": ["emergency_credit_user_cnt_numeric", "last_14_day_min_actual_cost_numeric", "last_60_day_avg_original_cost_numeric", "push_avg_count_numeric"], "fixedLenStringFeature": [], "fixedLenFloatFeature": [], "sms_emb_cols": ["send_sms_days_bk", "total_sms_num_bk", "last_90_sms_num_bk", "last_30_sms_num_bk", "last_60_sms_num_bk"], "sms_numeric_cols": [], "wa_emb_cols": ["user_button_bk", "user_text_bk", "user_button_90d_bk", "user_text_90d_bk", "user_button1_bk", "user_button2_bk", "user_button3_bk", "user_button4_bk", "user_button5_bk", "user_button1_90d_bk", "user_button2_90d_bk", "user_button3_90d_bk", "user_button4_90d_bk", "user_button5_90d_bk", "last_user_button1_days_bk", "last_user_button2_days_bk", "last_user_button3_days_bk", "last_user_button4_days_bk", "last_user_button5_days_bk", "wa_read_ratio_bk"], "wa_numeric_cols": []}}